IRIS,DISP_MED21
751010101,
751010102,
751010103,
751010104,
751010105,
751010199,
751010201,31290.0
751010202,38680.0
751010203,32760.0
751010204,31480.0
751010205,
751010206,
751010301,37570.0
751010302,
751010303,
751010401,43970.0
751010402,38990.0
751020501,
751020502,
751020503,
751020601,37560.0
751020602,37990.0
751020701,34950.0
751020702,35680.0
751020703,34720.0
751020704,
751020801,30390.0
751020802,33530.0
751020803,32870.0
751020804,30890.0
751020805,30740.0
751030901,32970.0
751030902,34230.0
751030903,34890.0
751030904,29560.0
751030905,33520.0
751031001,34530.0
751031002,37440.0
751031003,35740.0
751031004,39040.0
751031101,37610.0
751031102,36350.0
751031103,38890.0
751031104,39460.0
751031201,33340.0
751031202,33540.0
751031203,30830.0
751031204,31030.0
751041301,35360.0
751041302,33940.0
751041303,31030.0
751041304,
751041305,
751041399,
751041401,24750.0
751041402,32540.0
751041403,32610.0
751041404,31790.0
751041499,
751041501,30860.0
751041502,36430.0
751041503,40530.0
751041504,37040.0
751041588,
751041599,
751041601,38100.0
751041602,
751041603,
751041699,
751051701,34600.0
751051702,37090.0
751051703,34440.0
751051704,38310.0
751051705,36710.0
751051706,
751051799,
751051801,37890.0
751051802,35070.0
751051803,34480.0
751051804,30860.0
751051805,30380.0
751051806,31620.0
751051807,32440.0
751051808,38000.0
751051809,
751051899,
751051901,36270.0
751051902,38910.0
751051903,38350.0
751051904,46310.0
751051905,48960.0
751051906,39530.0
751051907,38570.0
751051908,34730.0
751052001,32050.0
751052002,44780.0
751052003,31260.0
751052004,35820.0
751052005,
751052099,
751062101,39150.0
751062102,33650.0
751062103,36680.0
751062199,
751062201,48080.0
751062202,43450.0
751062203,37190.0
751062204,39910.0
751062205,
751062301,47740.0
751062302,48510.0
751062303,44360.0
751062304,49500.0
751062305,44470.0
751062306,43230.0
751062307,45110.0
751062308,39620.0
751062309,35410.0
751062310,41930.0
751062311,48580.0
751062401,37130.0
751062402,39360.0
751062499,
751072501,51140.0
751072502,52800.0
751072503,44520.0
751072504,43550.0
751072505,44830.0
751072506,42690.0
751072507,
751072508,
751072599,
751072601,47760.0
751072602,49800.0
751072603,
751072604,50930.0
751072605,
751072606,
751072699,
751072701,41560.0
751072702,44390.0
751072703,56660.0
751072704,48090.0
751072705,57720.0
751072706,40240.0
751072707,
751072801,43650.0
751072802,42420.0
751072803,34860.0
751072804,39250.0
751072805,37140.0
751072806,65140.0
751072807,58600.0
751072808,49700.0
751072809,46540.0
751072810,40690.0
751072811,57010.0
751072812,
751072899,
751082901,
751082902,
751082903,
751082904,
751082905,
751082906,
751082907,
751082999,
751083001,48330.0
751083002,42570.0
751083003,
751083004,38930.0
751083005,31950.0
751083006,
751083101,
751083102,
751083103,
751083104,
751083105,45700.0
751083106,45550.0
751083107,
751083108,
751083201,43680.0
751083202,49720.0
751083203,56150.0
751083204,52250.0
751083205,51570.0
751083206,43360.0
751083207,43720.0
751083208,
751083209,45120.0
751083210,
751093301,41910.0
751093302,44600.0
751093303,38640.0
751093304,46130.0
751093305,44430.0
751093306,38810.0
751093307,38460.0
751093308,30770.0
751093309,32910.0
751093310,42680.0
751093311,
751093401,
751093402,
751093403,39500.0
751093404,
751093405,
751093406,
751093407,38590.0
751093408,
751093409,
751093501,31770.0
751093502,35910.0
751093503,39170.0
751093504,37910.0
751093601,37160.0
751093602,35100.0
751093603,31920.0
751093604,37550.0
751093605,37080.0
751093606,39070.0
751093607,34590.0
751093608,37460.0
751093609,37020.0
751093610,34930.0
751103701,32510.0
751103702,27830.0
751103703,29540.0
751103704,37740.0
751103705,38770.0
751103706,31790.0
751103707,28360.0
751103708,29790.0
751103709,26310.0
751103710,
751103711,
751103712,
751103801,32720.0
751103802,23430.0
751103803,33570.0
751103804,32850.0
751103805,30920.0
751103806,35840.0
751103901,29430.0
751103902,34860.0
751103903,35120.0
751103904,33220.0
751103905,31100.0
751103906,31300.0
751103907,31170.0
751103908,29480.0
751103909,29460.0
751103910,33770.0
751103988,
751104001,21690.0
751104002,22990.0
751104003,27390.0
751104004,23760.0
751104005,20240.0
751104006,26360.0
751104007,25190.0
751104008,26480.0
751104009,30680.0
751104010,23400.0
751104011,24880.0
751104012,
751104088,
751114101,25760.0
751114102,24210.0
751114103,30390.0
751114104,34350.0
751114105,35360.0
751114106,33750.0
751114107,34730.0
751114108,31370.0
751114109,24950.0
751114110,20220.0
751114111,19340.0
751114112,15140.0
751114113,28140.0
751114114,30040.0
751114115,32260.0
751114201,25410.0
751114202,29170.0
751114203,34350.0
751114204,28690.0
751114205,35100.0
751114206,33260.0
751114207,37250.0
751114208,38400.0
751114209,32970.0
751114210,30080.0
751114211,33320.0
751114212,37280.0
751114213,32450.0
751114214,28000.0
751114301,23790.0
751114302,30420.0
751114303,21370.0
751114304,29460.0
751114305,27080.0
751114306,27540.0
751114307,28400.0
751114308,27750.0
751114309,28940.0
751114310,36790.0
751114311,30420.0
751114312,34370.0
751114313,36050.0
751114314,32790.0
751114315,29840.0
751114316,30070.0
751114317,33380.0
751114318,31160.0
751114319,24760.0
751114320,26930.0
751114321,29230.0
751114401,37110.0
751114402,34800.0
751114403,31500.0
751114404,34370.0
751114405,28830.0
751114406,31400.0
751114407,31470.0
751114408,34200.0
751114409,30480.0
751114410,30030.0
751114411,28620.0
751114412,30790.0
751114413,35420.0
751124501,21620.0
751124502,33480.0
751124503,30210.0
751124504,31900.0
751124505,33080.0
751124506,35740.0
751124507,29880.0
751124508,34530.0
751124509,30960.0
751124510,20470.0
751124511,19130.0
751124512,30480.0
751124513,34080.0
751124514,35940.0
751124577,
751124601,29040.0
751124602,30830.0
751124603,33630.0
751124604,23370.0
751124605,28230.0
751124606,25590.0
751124608,32970.0
751124609,19660.0
751124610,33810.0
751124611,33860.0
751124612,32550.0
751124613,27770.0
751124614,35140.0
751124615,31470.0
751124616,34000.0
751124617,33250.0
751124618,34420.0
751124619,28160.0
751124620,30370.0
751124621,28610.0
751124622,
751124623,37510.0
751124624,40340.0
751124677,
751124701,28700.0
751124702,27930.0
751124703,25980.0
751124704,29970.0
751124705,25330.0
751124706,
751124707,
751124708,
751124799,
751124801,28240.0
751124802,25490.0
751124803,39850.0
751124804,37440.0
751124805,33450.0
751124806,35310.0
751124807,32380.0
751124808,37950.0
751124809,31840.0
751124810,33830.0
751124811,
751124812,
751124813,
751124888,
751124899,
751134901,25830.0
751134902,24500.0
751134903,30730.0
751134904,20120.0
751134905,33160.0
751134906,34540.0
751134907,31690.0
751134908,
751134999,
751135001,18890.0
751135002,17010.0
751135003,19730.0
751135004,16750.0
751135005,23220.0
751135006,25430.0
751135007,23080.0
751135008,21180.0
751135009,24190.0
751135010,27620.0
751135011,26490.0
751135012,24350.0
751135013,17220.0
751135014,24150.0
751135015,24060.0
751135016,21980.0
751135017,
751135018,27810.0
751135019,26650.0
751135020,27370.0
751135021,27950.0
751135023,27790.0
751135024,30370.0
751135025,25870.0
751135026,21000.0
751135027,19350.0
751135028,24810.0
751135029,23900.0
751135030,22560.0
751135031,17520.0
751135032,
751135099,
751135101,19380.0
751135102,23170.0
751135103,23530.0
751135104,22770.0
751135105,30670.0
751135106,24440.0
751135107,24420.0
751135108,17370.0
751135109,19460.0
751135110,25990.0
751135111,22910.0
751135112,33760.0
751135113,30380.0
751135114,28620.0
751135115,34600.0
751135116,32130.0
751135117,26900.0
751135118,31150.0
751135119,18610.0
751135120,31560.0
751135121,32750.0
751135122,35580.0
751135123,29560.0
751135124,35070.0
751135125,27050.0
751135201,34370.0
751135202,25410.0
751135203,36960.0
751135204,28710.0
751135205,32950.0
751135206,37330.0
751135207,36880.0
751145301,30870.0
751145302,41540.0
751145303,35560.0
751145304,31900.0
751145305,38590.0
751145306,37680.0
751145307,35640.0
751145308,32640.0
751145309,40980.0
751145310,40240.0
751145311,
751145401,
751145402,37270.0
751145403,30240.0
751145404,29320.0
751145405,29460.0
751145406,40170.0
751145407,
751145501,19730.0
751145502,25650.0
751145503,19260.0
751145504,34660.0
751145505,27420.0
751145506,37720.0
751145507,36620.0
751145508,34420.0
751145509,36130.0
751145510,36210.0
751145511,36790.0
751145512,34410.0
751145513,35120.0
751145514,36110.0
751145515,33770.0
751145516,35540.0
751145601,21020.0
751145602,18830.0
751145603,16770.0
751145604,19390.0
751145605,29260.0
751145606,28850.0
751145607,30100.0
751145608,30500.0
751145609,19290.0
751145610,28820.0
751145611,20670.0
751145612,34250.0
751145613,34670.0
751145614,29280.0
751145615,29250.0
751145616,27330.0
751145617,19510.0
751145618,21310.0
751145619,25990.0
751145620,25430.0
751145621,27260.0
751145622,34130.0
751145623,31680.0
751145624,35810.0
751145625,30710.0
751155701,18730.0
751155702,24190.0
751155703,28460.0
751155704,19100.0
751155705,26600.0
751155706,35530.0
751155707,29880.0
751155708,30500.0
751155709,34740.0
751155710,32340.0
751155711,34860.0
751155712,34020.0
751155713,41000.0
751155714,34180.0
751155715,31890.0
751155716,31130.0
751155717,32000.0
751155718,31940.0
751155719,33630.0
751155720,32510.0
751155721,37740.0
751155722,37940.0
751155723,37180.0
751155724,37890.0
751155725,39420.0
751155726,28910.0
751155727,27560.0
751155728,34930.0
751155729,38650.0
751155730,37960.0
751155731,28840.0
751155732,
751155733,
751155801,18490.0
751155802,21520.0
751155803,38960.0
751155804,40570.0
751155805,33500.0
751155806,35270.0
751155807,39480.0
751155808,41400.0
751155809,42190.0
751155810,29410.0
751155811,38770.0
751155812,44830.0
751155813,50030.0
751155814,39850.0
751155815,35120.0
751155816,40920.0
751155817,34900.0
751155818,
751155819,
751155901,34140.0
751155902,36750.0
751155903,33170.0
751155904,40580.0
751155905,37890.0
751155906,39290.0
751155907,31310.0
751155908,35630.0
751155909,34280.0
751155910,34620.0
751155911,38620.0
751155912,29550.0
751155913,47450.0
751155914,43270.0
751155915,35390.0
751155916,33850.0
751155917,37490.0
751155918,38300.0
751155919,32820.0
751155920,
751155999,
751156001,18460.0
751156002,37600.0
751156003,33060.0
751156004,31710.0
751156005,36540.0
751156006,31730.0
751156007,27160.0
751156008,26280.0
751156009,26220.0
751156010,27720.0
751156012,35720.0
751156013,36730.0
751156014,24580.0
751156015,28420.0
751156016,29370.0
751156017,31410.0
751156018,29910.0
751156019,37380.0
751156020,38550.0
751156021,
751156022,
751156023,
751156099,
751166101,22250.0
751166102,28220.0
751166103,30800.0
751166104,21470.0
751166105,35330.0
751166106,37900.0
751166107,39380.0
751166108,24530.0
751166109,42830.0
751166110,35430.0
751166111,45270.0
751166112,51290.0
751166113,43680.0
751166114,29680.0
751166115,34910.0
751166116,41830.0
751166117,43240.0
751166118,46240.0
751166119,45310.0
751166120,48390.0
751166121,32810.0
751166122,50840.0
751166123,52090.0
751166124,40830.0
751166125,47910.0
751166126,47900.0
751166127,36610.0
751166128,41900.0
751166129,34750.0
751166130,33350.0
751166131,
751166177,
751166199,
751166201,44870.0
751166202,43710.0
751166203,48400.0
751166204,50310.0
751166205,51830.0
751166206,49750.0
751166207,46420.0
751166208,59150.0
751166209,55160.0
751166210,52170.0
751166211,48120.0
751166212,42190.0
751166213,50280.0
751166214,47690.0
751166215,42870.0
751166216,48010.0
751166217,46740.0
751166218,44290.0
751166219,46480.0
751166220,43390.0
751166221,48570.0
751166222,
751166223,
751166277,
751166299,
751166301,40500.0
751166302,40430.0
751166303,49070.0
751166304,47410.0
751166305,36440.0
751166306,46350.0
751166307,47110.0
751166308,42650.0
751166309,48610.0
751166310,49320.0
751166311,44870.0
751166377,
751166401,42560.0
751166402,38450.0
751166403,42330.0
751166404,39530.0
751166405,43890.0
751166406,44670.0
751166407,43010.0
751166409,40540.0
751166410,
751166411,
751166412,
751166413,
751166499,
751176501,40300.0
751176502,53190.0
751176503,42330.0
751176504,44310.0
751176505,25660.0
751176506,38900.0
751176507,38970.0
751176508,50690.0
751176509,49890.0
751176510,41850.0
751176511,41480.0
751176512,40300.0
751176513,43450.0
751176514,42990.0
751176515,23230.0
751176516,
751176601,47090.0
751176602,44960.0
751176603,55690.0
751176604,46450.0
751176605,51870.0
751176606,56110.0
751176607,51940.0
751176608,62210.0
751176609,51380.0
751176610,51030.0
751176611,48250.0
751176612,49660.0
751176613,43050.0
751176614,24120.0
751176615,18250.0
751176616,17700.0
751176701,35100.0
751176702,38900.0
751176703,34510.0
751176704,37420.0
751176705,39040.0
751176706,40410.0
751176707,40480.0
751176708,36150.0
751176709,36050.0
751176710,38310.0
751176711,35580.0
751176712,40910.0
751176713,39790.0
751176714,21650.0
751176715,42180.0
751176716,33550.0
751176801,32330.0
751176802,36270.0
751176803,33910.0
751176804,33420.0
751176805,29450.0
751176806,25500.0
751176807,30770.0
751176808,29830.0
751176809,26330.0
751176810,33420.0
751176811,28680.0
751176812,24040.0
751176813,21160.0
751176814,20250.0
751176815,22050.0
751176816,16110.0
751176817,17400.0
751186901,30050.0
751186902,28000.0
751186903,32250.0
751186904,34870.0
751186905,30790.0
751186906,30420.0
751186907,31910.0
751186908,33120.0
751186909,32050.0
751186910,39090.0
751186911,44410.0
751186912,34530.0
751186913,32980.0
751186914,32360.0
751186915,28830.0
751186916,25650.0
751186917,32740.0
751186918,31560.0
751186919,30220.0
751186920,24730.0
751186921,25480.0
751186922,32650.0
751186923,23760.0
751186924,23280.0
751186925,18020.0
751186926,16170.0
751186927,14900.0
751186928,15130.0
751186929,
751187001,28200.0
751187002,31490.0
751187003,31900.0
751187004,32420.0
751187005,31130.0
751187006,30260.0
751187007,25760.0
751187008,39300.0
751187009,31020.0
751187010,29530.0
751187011,31830.0
751187012,34270.0
751187013,33970.0
751187014,27220.0
751187015,30640.0
751187016,29070.0
751187017,22750.0
751187018,21490.0
751187019,24590.0
751187020,26120.0
751187021,29330.0
751187022,30720.0
751187023,17390.0
751187024,27200.0
751187025,27050.0
751187026,23240.0
751187027,
751187101,23120.0
751187102,16490.0
751187103,16860.0
751187104,21270.0
751187105,19650.0
751187106,19050.0
751187107,21840.0
751187108,19220.0
751187109,19450.0
751187110,18980.0
751187201,17800.0
751187202,23030.0
751187203,25090.0
751187204,23910.0
751187205,21190.0
751187206,20380.0
751187207,19530.0
751187208,17020.0
751187209,14940.0
751197301,23440.0
751197302,23920.0
751197303,24490.0
751197304,25490.0
751197305,27230.0
751197306,16360.0
751197307,17860.0
751197308,16930.0
751197309,22210.0
751197310,19200.0
751197311,25190.0
751197312,19380.0
751197313,25440.0
751197314,20510.0
751197315,24590.0
751197316,23360.0
751197317,19760.0
751197318,
751197388,
751197401,19020.0
751197402,25520.0
751197403,21200.0
751197404,22970.0
751197405,19910.0
751197406,20440.0
751197407,
751197408,16940.0
751197409,16580.0
751197410,16580.0
751197411,26840.0
751197412,
751197413,21490.0
751197488,
751197501,24880.0
751197502,24790.0
751197503,22830.0
751197504,18120.0
751197505,24430.0
751197506,30210.0
751197507,27030.0
751197508,30970.0
751197509,17750.0
751197510,24400.0
751197511,22630.0
751197512,16880.0
751197513,18690.0
751197514,35060.0
751197515,33030.0
751197516,16230.0
751197517,18360.0
751197518,16200.0
751197519,18900.0
751197520,24960.0
751197521,25310.0
751197522,26260.0
751197523,27250.0
751197524,30780.0
751197525,
751197601,29410.0
751197602,30280.0
751197603,31220.0
751197604,31490.0
751197605,21440.0
751197606,20950.0
751197607,33780.0
751197608,24130.0
751197609,28430.0
751197610,17540.0
751197611,29090.0
751197612,32900.0
751197613,29630.0
751197614,26900.0
751197615,29800.0
751197616,19560.0
751197617,
751207701,23630.0
751207702,28950.0
751207703,19800.0
751207704,24330.0
751207705,20660.0
751207706,25850.0
751207707,23880.0
751207708,18760.0
751207709,16730.0
751207710,20840.0
751207711,20790.0
751207712,26420.0
751207713,19510.0
751207714,28460.0
751207801,18920.0
751207802,27240.0
751207803,16110.0
751207804,16720.0
751207805,29300.0
751207806,26420.0
751207807,31220.0
751207808,23720.0
751207809,27980.0
751207810,19120.0
751207811,24470.0
751207812,30210.0
751207813,19510.0
751207814,21730.0
751207815,25080.0
751207816,28780.0
751207901,27800.0
751207902,29310.0
751207903,28360.0
751207904,29980.0
751207905,29470.0
751207906,19640.0
751207907,24580.0
751207908,19780.0
751207909,30960.0
751207910,18110.0
751207911,23750.0
751207912,27920.0
751207913,31560.0
751207914,31250.0
751207915,31010.0
751207916,23910.0
751207917,
751208001,17780.0
751208002,29090.0
751208003,24830.0
751208004,36280.0
751208005,28930.0
751208006,32570.0
751208007,21350.0
751208008,16960.0
751208009,15350.0
751208010,18830.0
751208011,16680.0
751208012,20300.0
751208013,24640.0
751208014,25620.0
751208015,30600.0
751208016,24810.0
751208017,25180.0
751208018,21520.0
751208019,21440.0
751208020,16060.0
751208021,16980.0
751208022,21400.0
751208023,23250.0
751208024,27090.0
751208025,24780.0
751208026,31070.0
920020101,43300.0
920020102,38700.0
920020103,29500.0
920020104,34250.0
920020105,36240.0
920020106,33170.0
920020107,36740.0
920020201,38980.0
920020202,24160.0
920020203,35200.0
920020204,30260.0
920020205,26530.0
920020301,29520.0
920020302,21700.0
920020303,33790.0
920020304,35350.0
920020305,27220.0
920020306,17330.0
920020307,17740.0
920020308,29010.0
920020401,34910.0
920020402,32110.0
920020403,32320.0
920020404,39540.0
920020405,37900.0
920020406,30450.0
920020407,36960.0
920040101,40440.0
920040102,33310.0
920040103,37750.0
920040104,36390.0
920040105,36660.0
920040201,39230.0
920040202,34510.0
920040203,38310.0
920040301,33800.0
920040302,31090.0
920040303,33840.0
920040304,
920040305,36150.0
920040401,36410.0
920040402,34410.0
920040403,37490.0
920040404,35100.0
920040501,25310.0
920040502,25520.0
920040503,
920040504,21190.0
920040601,17110.0
920040602,19930.0
920040603,26290.0
920040604,29030.0
920040701,18630.0
920040702,16340.0
920040703,18430.0
920040704,18110.0
920040705,17380.0
920040706,21180.0
920040707,21920.0
920070101,22270.0
920070102,22710.0
920070103,20040.0
920070104,21190.0
920070105,19580.0
920070106,21100.0
920070107,16970.0
920070108,21200.0
920070109,25940.0
920070110,21770.0
920070111,24130.0
920070112,20150.0
920070113,21630.0
920070114,17770.0
920070115,19110.0
920070116,18990.0
920070117,28110.0
920090101,22470.0
920090102,29950.0
920090103,32140.0
920090104,
920090105,31980.0
920090106,
920090107,34800.0
920090108,30700.0
920090109,38790.0
920090110,32080.0
920090111,34760.0
920090112,34270.0
920120101,45220.0
920120102,46680.0
920120103,41680.0
920120105,38060.0
920120106,37290.0
920120107,35920.0
920120201,38810.0
920120202,34360.0
920120203,35630.0
920120204,34790.0
920120205,34650.0
920120206,35850.0
920120207,31540.0
920120208,38870.0
920120301,30540.0
920120302,34010.0
920120303,31600.0
920120304,19700.0
920120305,33860.0
920120401,37290.0
920120402,17320.0
920120403,35700.0
920120404,29440.0
920120405,31730.0
920120406,32930.0
920120501,38290.0
920120502,36790.0
920120503,31170.0
920120504,31540.0
920120505,33490.0
920120506,33390.0
920120601,40420.0
920120602,39810.0
920120603,38990.0
920120604,36040.0
920120701,32450.0
920120702,42850.0
920120703,52280.0
920120704,42130.0
920120705,44210.0
920120706,41380.0
920120707,37180.0
920140101,20600.0
920140102,39090.0
920140103,33220.0
920140104,30360.0
920140105,33360.0
920140106,34810.0
920140107,39760.0
920140108,36220.0
920190101,26810.0
920190102,34840.0
920190103,36430.0
920190104,27400.0
920190105,21690.0
920190106,19240.0
920190107,17290.0
920190108,17450.0
920190109,28010.0
920190110,29930.0
920190111,30300.0
920190112,33480.0
920190113,34440.0
920190114,36250.0
920200101,28500.0
920200102,27840.0
920200103,23810.0
920200104,31670.0
920200105,23190.0
920200106,33700.0
920200107,34480.0
920200108,27480.0
920200109,30750.0
920200111,31560.0
920200112,35410.0
920220101,44320.0
920220102,32130.0
920220103,35910.0
920220104,31760.0
920220105,22340.0
920220106,31480.0
920220107,30670.0
920220108,26820.0
920220109,36980.0
920230101,35470.0
920230102,30090.0
920230103,30820.0
920230104,30610.0
920230105,35060.0
920230201,37540.0
920230202,36900.0
920230203,38490.0
920230301,31570.0
920230302,29770.0
920230303,38730.0
920230304,40050.0
920230401,33750.0
920230402,30470.0
920230501,
920230502,19220.0
920230503,17880.0
920230504,22400.0
920230505,17460.0
920230506,30710.0
920230507,29670.0
920240101,25470.0
920240102,25850.0
920240103,26440.0
920240104,24710.0
920240201,
920240202,20990.0
920240203,23540.0
920240301,16240.0
920240302,
920240303,22140.0
920240304,20590.0
920240401,22760.0
920240402,25060.0
920240403,21930.0
920240404,17710.0
920240405,17860.0
920240501,16890.0
920240502,24690.0
920240503,21610.0
920240504,26640.0
920240601,24020.0
920240602,30690.0
920250101,33530.0
920250102,31790.0
920250103,34520.0
920250104,36220.0
920250105,
920250106,28350.0
920250107,31950.0
920250108,38170.0
920250109,33400.0
920250110,32470.0
920250111,34140.0
920250113,28390.0
920250201,18240.0
920250202,17840.0
920250203,17460.0
920250204,22160.0
920250205,20620.0
920250206,22350.0
920250207,19360.0
920250208,22160.0
920250209,21200.0
920250210,19070.0
920250211,18180.0
920250212,29080.0
920250301,16270.0
920250302,27760.0
920250303,23530.0
920250304,31200.0
920250305,20080.0
920250306,32370.0
920250401,22130.0
920250402,18840.0
920250403,20960.0
920260101,34390.0
920260102,32400.0
920260103,29430.0
920260201,35570.0
920260202,33940.0
920260203,37840.0
920260204,33930.0
920260301,30340.0
920260302,37510.0
920260303,39940.0
920260304,41840.0
920260305,35180.0
920260402,28870.0
920260403,23220.0
920260404,33320.0
920260405,25620.0
920260406,33720.0
920260501,27000.0
920260502,24170.0
920260503,30360.0
920260504,22420.0
920260505,31820.0
920260506,21520.0
920260601,32660.0
920260602,34210.0
920260603,33870.0
920260701,31820.0
920260702,27550.0
920260703,31650.0
920260704,32180.0
920260705,38870.0
920320101,22410.0
920320102,23380.0
920320103,17270.0
920320104,35870.0
920320105,27660.0
920320106,25670.0
920320107,27890.0
920320108,25610.0
920320109,32340.0
920320110,33400.0
920320111,31290.0
920330101,33310.0
920330102,31410.0
920330103,45550.0
920330104,36360.0
920330105,41070.0
920330106,38160.0
920330107,36510.0
920330108,34490.0
920350101,27880.0
920350102,31530.0
920350103,33150.0
920350104,35700.0
920350105,34870.0
920350106,31460.0
920350108,33860.0
920350109,35730.0
920350110,37680.0
920350111,35690.0
920350112,25850.0
920360101,18830.0
920360102,16930.0
920360103,
920360104,17330.0
920360201,16270.0
920360202,20200.0
920360203,21120.0
920360204,18900.0
920360301,16890.0
920360302,16770.0
920360303,16360.0
920360401,
920360402,18080.0
920360403,16900.0
920360404,
920360501,19480.0
920360502,19650.0
920360503,21250.0
920360504,21280.0
920400101,31410.0
920400102,40860.0
920400103,37750.0
920400201,29270.0
920400202,33650.0
920400203,33320.0
920400204,33090.0
920400301,40340.0
920400401,37250.0
920400402,35990.0
920400403,30910.0
920400404,27600.0
920400501,32230.0
920400502,31550.0
920400504,29090.0
920400505,30130.0
920400601,36160.0
920400701,36900.0
920440103,37740.0
920440104,39310.0
920440105,41820.0
920440106,38430.0
920440107,31980.0
920440108,41200.0
920440109,37550.0
920440110,37090.0
920440111,37000.0
920440112,31650.0
920440113,31010.0
920440114,38840.0
920440115,37240.0
920440116,34640.0
920440117,37000.0
920440118,30230.0
920440119,
920440120,22440.0
920440121,20920.0
920440122,24370.0
920440123,36600.0
920440124,44850.0
920440125,43030.0
920440126,36720.0
920460101,19920.0
920460102,27570.0
920460103,27400.0
920460104,24800.0
920460105,29460.0
920460106,27830.0
920460107,24480.0
920460108,30190.0
920460109,27130.0
920460110,19580.0
920460111,29490.0
920480101,24460.0
920480102,23860.0
920480103,
920480104,19200.0
920480105,
920480106,23680.0
920480107,
920480201,35180.0
920480202,42800.0
920480203,30480.0
920480204,40790.0
920480205,42090.0
920480206,37530.0
920480207,39080.0
920480208,24660.0
920480209,37540.0
920480210,36350.0
920480211,38270.0
920480212,45150.0
920490101,25430.0
920490102,33440.0
920490103,24880.0
920490104,33620.0
920490105,28470.0
920490106,32350.0
920490107,33720.0
920490108,35840.0
920490109,28730.0
920490110,30570.0
920490111,34680.0
920490112,35970.0
920490113,34460.0
920490114,26420.0
920490115,24810.0
920490116,22690.0
920490117,29000.0
920500101,
920500102,26250.0
920500103,35470.0
920500203,27330.0
920500204,32030.0
920500205,
920500206,25980.0
920500301,26440.0
920500302,27490.0
920500303,17590.0
920500401,31140.0
920500403,
920500406,27250.0
920500407,19200.0
920500408,
920500501,16350.0
920500502,15170.0
920500503,16250.0
920500504,14920.0
920500505,16280.0
920500508,18610.0
920500509,20960.0
920500510,24500.0
920500511,29130.0
920500601,17410.0
920500602,21390.0
920500605,19520.0
920500606,17580.0
920500607,
920500701,
920500702,16460.0
920500703,16360.0
920500704,16170.0
920500801,25750.0
920500802,22380.0
920500803,19650.0
920500804,16410.0
920500805,15010.0
920510101,60670.0
920510102,50500.0
920510103,43220.0
920510104,53000.0
920510201,52820.0
920510202,47280.0
920510301,40380.0
920510302,45240.0
920510303,51570.0
920510304,42970.0
920510305,49240.0
920510306,40160.0
920510307,51180.0
920510308,44360.0
920510309,31190.0
920510401,44320.0
920510402,46590.0
920510403,62570.0
920510404,41760.0
920510405,43230.0
920510406,50430.0
920510407,52730.0
920510408,53310.0
920510409,54900.0
920510410,50540.0
920510411,53600.0
920600101,30570.0
920600102,25970.0
920600104,32450.0
920600105,21570.0
920600106,30050.0
920600107,34310.0
920600108,35490.0
920600109,32360.0
920600110,28960.0
920620101,32560.0
920620102,
920620103,30600.0
920620201,28380.0
920620202,23810.0
920620203,35190.0
920620204,23470.0
920620205,28670.0
920620301,35270.0
920620302,32210.0
920620303,38490.0
920620304,32710.0
920620305,25710.0
920620306,38630.0
920620401,32690.0
920620402,34160.0
920620403,34290.0
920620404,37290.0
920630101,21560.0
920630102,29870.0
920630103,38630.0
920630104,39560.0
920630105,25330.0
920630106,34260.0
920630201,38700.0
920630202,40180.0
920630301,32080.0
920630302,39280.0
920630401,54290.0
920630501,32760.0
920630502,37790.0
920630503,34980.0
920630504,37810.0
920630601,26680.0
920630602,18470.0
920630603,32490.0
920630701,38180.0
920630702,24670.0
920630703,32360.0
920630704,
920630705,
920630706,29080.0
920630707,28920.0
920630801,38140.0
920630802,31010.0
920630803,35620.0
920630804,35370.0
920630805,39610.0
920630806,31060.0
920640101,33130.0
920640102,40120.0
920640103,43550.0
920640104,41010.0
920640105,36790.0
920640106,37540.0
920640107,38790.0
920640108,46140.0
920640109,46550.0
920640110,43050.0
920640111,39790.0
920640112,33120.0
920710101,34130.0
920710102,40900.0
920710103,36160.0
920710104,41880.0
920710105,37240.0
920710106,37330.0
920710107,21750.0
920710108,41380.0
920720101,32340.0
920720102,37510.0
920720103,40410.0
920720104,30170.0
920720105,32040.0
920720106,25120.0
920720107,28650.0
920720108,25960.0
920720109,45390.0
920720110,46090.0
920730101,34090.0
920730102,35150.0
920730103,36310.0
920730104,36650.0
920730105,
920730106,
920730108,26060.0
920730109,
920730110,
920730111,30770.0
920730112,34050.0
920730113,32210.0
920730114,38690.0
920730115,
920730116,34150.0
920750101,31830.0
920750102,25430.0
920750103,37000.0
920750104,31510.0
920750105,34500.0
920750106,31870.0
920750107,32780.0
920750108,30590.0
920750109,24630.0
920750110,31620.0
920750111,23600.0
920760101,54190.0
920760102,43670.0
920760103,37340.0
920760104,36470.0
920770101,
920770102,37220.0
920770103,31880.0
920770104,44480.0
920770105,39550.0
920770106,39580.0
920780101,
920780102,19870.0
920780103,24230.0
920780104,17470.0
920780105,16200.0
920780106,18080.0
920780107,18230.0
920780108,17880.0
920780109,18720.0
920780110,19020.0
930010101,14840.0
930010201,15690.0
930010202,16430.0
930010301,
930010302,14870.0
930010303,15480.0
930010304,13560.0
930010401,14920.0
930010402,15460.0
930010501,15490.0
930010502,15860.0
930010503,15360.0
930010601,15970.0
930010602,14590.0
930010603,15140.0
930010701,16140.0
930010801,14850.0
930010802,14440.0
930010901,16910.0
930010902,14590.0
930010903,16650.0
930011001,14100.0
930011002,16660.0
930011101,15560.0
930011102,14810.0
930011201,17440.0
930011202,13060.0
930011203,
930050101,16660.0
930050102,22250.0
930050103,25520.0
930050201,
930050202,14610.0
930050203,18910.0
930050204,15010.0
930050206,15280.0
930050207,13770.0
930050208,
930050209,16200.0
930050301,22220.0
930050302,25400.0
930050303,23220.0
930050304,23800.0
930050401,24270.0
930050402,27560.0
930050403,24780.0
930050501,20920.0
930050502,23630.0
930050503,24610.0
930050601,18870.0
930050602,21300.0
930050603,20710.0
930050604,19110.0
930050701,
930050702,16100.0
930050703,12550.0
930050801,15060.0
930050802,
930050803,14820.0
930050804,
930050805,14570.0
930050901,25400.0
930050902,23060.0
930050903,23850.0
930060101,21120.0
930060102,17880.0
930060103,14800.0
930060104,15570.0
930060105,23100.0
930060106,25690.0
930060107,24680.0
930060108,22240.0
930060109,
930060110,23170.0
930060111,24400.0
930060112,16430.0
930060113,15230.0
930060114,16490.0
930060115,16340.0
930060116,19180.0
930070101,
930070102,
930070103,14550.0
930070104,14670.0
930070105,18410.0
930070106,15570.0
930070107,14560.0
930070108,15290.0
930070109,
930070110,19490.0
930070111,19050.0
930070112,18730.0
930070113,21490.0
930070114,17560.0
930070115,18730.0
930070116,19140.0
930070117,20140.0
930070118,17330.0
930070119,17610.0
930070120,14270.0
930070121,15930.0
930080101,17770.0
930080102,18730.0
930080103,
930080104,16870.0
930080106,17860.0
930080107,16780.0
930080108,
930080109,
930080110,16720.0
930080111,16270.0
930080112,15230.0
930080113,15070.0
930080114,15450.0
930080115,16120.0
930080116,16800.0
930080117,15720.0
930080118,16130.0
930080119,17270.0
930080120,15970.0
930100101,16390.0
930100102,
930100103,13120.0
930100104,14490.0
930100105,17110.0
930100106,14150.0
930100107,16170.0
930100108,
930100201,16980.0
930100202,18520.0
930100203,18410.0
930100204,17530.0
930100301,23690.0
930100302,19940.0
930100303,19510.0
930100304,15490.0
930100305,21670.0
930100401,18140.0
930100402,15930.0
930100403,15430.0
930100404,17420.0
930100405,19820.0
930130101,
930130102,17750.0
930130103,18120.0
930130104,16230.0
930130105,19070.0
930130106,18200.0
930130107,14220.0
930140101,
930140102,
930140103,14510.0
930140104,14510.0
930140105,
930140106,15980.0
930140107,20670.0
930140108,20180.0
930140109,12620.0
930140110,13660.0
930140111,
930140112,18770.0
930140113,13550.0
930270101,
930270102,
930270103,15940.0
930270104,15730.0
930270105,15260.0
930270109,15310.0
930270110,14140.0
930270111,14110.0
930270113,16200.0
930270114,15070.0
930270115,14950.0
930270117,15910.0
930270118,14440.0
930270119,14790.0
930290101,18020.0
930290102,20780.0
930290201,19050.0
930290202,22230.0
930290203,21290.0
930290301,18790.0
930290302,18870.0
930290401,18710.0
930290402,17710.0
930290403,18040.0
930290501,20980.0
930290502,21130.0
930290503,20550.0
930290601,17340.0
930290602,18600.0
930290603,20960.0
930290604,20640.0
930290701,16040.0
930290702,15240.0
930290703,20010.0
930290704,18800.0
930290801,15540.0
930290802,15750.0
930290803,15950.0
930290804,
930290901,20750.0
930290902,17000.0
930290903,18280.0
930290904,20170.0
930300101,18590.0
930300102,17240.0
930300103,16000.0
930300104,16510.0
930310101,17710.0
930310102,15440.0
930310103,16020.0
930310104,19970.0
930310201,21560.0
930310202,20500.0
930310203,22230.0
930310301,15350.0
930310302,16190.0
930310303,16140.0
930310304,17500.0
930310401,15750.0
930310402,17060.0
930310403,17880.0
930310404,16150.0
930310405,
930310501,17460.0
930310502,19050.0
930310601,21830.0
930320101,19220.0
930320102,24720.0
930320103,23640.0
930320104,21070.0
930320105,26390.0
930320106,17590.0
930320107,17000.0
930320108,26770.0
930320109,25700.0
930320110,25680.0
930320111,26600.0
930320112,21220.0
930320113,25910.0
930320114,29240.0
930320115,26480.0
930320116,16470.0
930320117,24300.0
930330101,30210.0
930330102,30880.0
930330103,28790.0
930390101,18190.0
930390102,18660.0
930390103,16890.0
930450101,28120.0
930450102,26180.0
930450103,28040.0
930450104,21020.0
930450105,19750.0
930450106,22480.0
930450107,27740.0
930450108,28220.0
930450109,27660.0
930450110,25770.0
930460101,20810.0
930460102,22040.0
930460103,24760.0
930460104,22620.0
930460105,21570.0
930460106,25360.0
930460107,21950.0
930460108,21190.0
930460109,22140.0
930460110,22950.0
930460111,19750.0
930460112,18030.0
930460113,19700.0
930460114,18800.0
930460115,21500.0
930460116,21950.0
930460117,22280.0
930460118,23320.0
930470101,15240.0
930470102,
930470103,
930470104,18950.0
930470105,18810.0
930470106,23850.0
930470107,22590.0
930470108,22770.0
930470109,23720.0
930470110,24600.0
930470111,22100.0
930470112,24930.0
930480101,20120.0
930480102,23960.0
930480103,24940.0
930480104,26360.0
930480105,22870.0
930480201,28820.0
930480202,29580.0
930480203,24030.0
930480204,25640.0
930480205,19230.0
930480206,25110.0
930480301,30240.0
930480302,27920.0
930480401,27910.0
930480402,17240.0
930480403,14890.0
930480404,15930.0
930480501,28720.0
930480502,27950.0
930480601,16860.0
930480602,24770.0
930480603,23840.0
930480604,19270.0
930480701,21330.0
930480702,24440.0
930480703,25890.0
930480704,22530.0
930480801,18040.0
930480802,17190.0
930480803,17840.0
930480901,21150.0
930480902,16230.0
930480903,19320.0
930481001,17540.0
930481002,19350.0
930481003,20000.0
930481101,14890.0
930481102,16390.0
930481103,19710.0
930481104,19520.0
930481105,15890.0
930490101,29120.0
930490102,29540.0
930490103,29100.0
930490104,25360.0
930490105,16140.0
930490106,23880.0
930490107,30850.0
930490108,29200.0
930490109,27670.0
930500101,24280.0
930500102,25900.0
930500103,21390.0
930500104,22730.0
930500105,22370.0
930500106,
930500107,
930500108,15630.0
930500109,16220.0
930500110,17760.0
930500111,21230.0
930500112,23080.0
930500113,15880.0
930500114,22130.0
930500115,
930510101,25400.0
930510102,29440.0
930510103,24500.0
930510105,26650.0
930510106,29420.0
930510201,26650.0
930510202,28400.0
930510203,
930510204,26270.0
930510301,19970.0
930510302,18150.0
930510303,
930510304,16540.0
930510401,17940.0
930510402,20660.0
930510403,17010.0
930510404,21560.0
930510405,16560.0
930510501,23970.0
930510502,26890.0
930510503,24480.0
930530101,17560.0
930530102,19930.0
930530103,20150.0
930530104,20880.0
930530105,20710.0
930530106,18360.0
930530107,20240.0
930530108,18720.0
930530109,17650.0
930530110,17400.0
930530111,19600.0
930530112,24520.0
930530113,15520.0
930530114,16850.0
930530115,18650.0
930530116,14900.0
930530117,
930550101,15460.0
930550102,15580.0
930550201,16090.0
930550202,17220.0
930550301,24690.0
930550302,18820.0
930550401,22620.0
930550402,21610.0
930550403,20560.0
930550501,16840.0
930550502,17360.0
930550601,21900.0
930550602,21950.0
930550603,18190.0
930550701,25730.0
930550702,23720.0
930550801,18430.0
930550802,23520.0
930570101,22320.0
930570102,18790.0
930570103,20950.0
930570104,23950.0
930570105,25950.0
930570106,22170.0
930570107,25790.0
930570108,22390.0
930570109,20160.0
930590101,15160.0
930590102,16330.0
930590103,15830.0
930590104,16690.0
930590105,16460.0
930590106,16970.0
930590107,13590.0
930590108,17500.0
930590109,16290.0
930610101,21470.0
930610102,22080.0
930610103,24060.0
930610104,23560.0
930610105,18220.0
930610106,19470.0
930610107,25290.0
930620101,30150.0
930620102,31640.0
930620103,28340.0
930620104,28100.0
930620105,26580.0
930620106,28710.0
930630101,
930630102,16170.0
930630103,24740.0
930630104,17130.0
930630105,26030.0
930630106,18200.0
930630107,24600.0
930630108,21950.0
930630109,19330.0
930630110,17630.0
930630111,23210.0
930640101,
930640102,16700.0
930640103,17350.0
930640104,18770.0
930640105,26450.0
930640106,25200.0
930640107,
930640108,26410.0
930640109,21070.0
930640110,25900.0
930640111,26380.0
930640112,19070.0
930640113,16790.0
930640114,20000.0
930640116,23930.0
930640117,23400.0
930640118,
930660101,15650.0
930660102,16110.0
930660201,18320.0
930660202,14980.0
930660301,13950.0
930660302,16870.0
930660401,13990.0
930660402,17220.0
930660403,14890.0
930660501,20500.0
930660502,17120.0
930660503,15350.0
930660504,18690.0
930660601,15190.0
930660602,14190.0
930660701,14270.0
930660702,
930660703,15930.0
930660704,15620.0
930660705,
930660801,15760.0
930660802,18340.0
930660901,17050.0
930660902,18320.0
930660903,15520.0
930660904,16190.0
930660905,17270.0
930660906,18300.0
930660907,17090.0
930660908,15260.0
930661001,15920.0
930661002,15710.0
930661003,19520.0
930661004,18610.0
930661101,18080.0
930661102,18440.0
930661103,19160.0
930661104,
930661501,17910.0
930700101,15390.0
930700102,16690.0
930700103,21170.0
930700104,19630.0
930700105,16430.0
930700106,23590.0
930700107,21180.0
930700108,21400.0
930700109,24650.0
930700110,21120.0
930700111,21270.0
930700112,17190.0
930700113,19540.0
930700114,21530.0
930700115,16910.0
930700116,19510.0
930700117,19630.0
930700118,17950.0
930710101,16080.0
930710102,
930710103,15990.0
930710104,16580.0
930710105,14930.0
930710106,14840.0
930710107,14140.0
930710108,15820.0
930710109,19370.0
930710110,20810.0
930710111,15060.0
930710112,15660.0
930710113,16930.0
930710114,21620.0
930710115,22880.0
930710116,20060.0
930710117,17790.0
930710118,18980.0
930710119,17000.0
930710120,23790.0
930710121,22340.0
930720101,
930720102,14340.0
930720103,
930720104,14200.0
930720105,14370.0
930720106,16010.0
930720107,16890.0
930720109,18280.0
930720110,16590.0
930720111,15690.0
930720112,17030.0
930720113,15500.0
930720114,15450.0
930720115,16950.0
930720116,19180.0
930720117,16570.0
930730101,21570.0
930730201,23610.0
930730202,22920.0
930730301,21410.0
930730302,24880.0
930730303,25140.0
930730304,23750.0
930730401,16010.0
930730402,16950.0
930730403,21380.0
930730404,15480.0
930730501,24790.0
930730502,22380.0
930740101,22950.0
930740102,24440.0
930770101,27590.0
930770102,22450.0
930770103,17190.0
930770104,29380.0
930770105,27430.0
930770106,24790.0
930770107,26920.0
930770108,17330.0
930770109,26980.0
930770110,29920.0
930770111,17710.0
930770112,22560.0
930780101,
930780102,25810.0
930780103,23050.0
930780104,20210.0
930780105,15460.0
930780106,18960.0
930780107,20510.0
930780108,16150.0
930780109,15410.0
930780110,20640.0
930780111,18690.0
930780112,16640.0
930780113,19330.0
930780114,21330.0
930780115,
930780116,20080.0
930790101,16740.0
930790102,16950.0
930790103,16160.0
930790104,17270.0
930790105,16010.0
940020101,23600.0
940020102,24090.0
940020103,23940.0
940020104,24380.0
940020105,25540.0
940020106,19980.0
940020107,24800.0
940020108,27790.0
940020109,27880.0
940020201,26440.0
940020202,18130.0
940020203,18920.0
940020204,17200.0
940020205,21590.0
940020206,18770.0
940030101,24170.0
940030102,18990.0
940030103,28890.0
940030104,22720.0
940030105,20260.0
940030106,22600.0
940030107,27850.0
940030108,25880.0
940030109,26640.0
940040101,18650.0
940040102,19020.0
940040103,16430.0
940040104,22550.0
940040105,22510.0
940040106,28060.0
940110101,
940110102,22730.0
940110103,25600.0
940110104,16780.0
940110105,17060.0
940110106,16510.0
940110107,19750.0
940110108,18770.0
940150101,39110.0
940150102,31830.0
940150103,28730.0
940150104,31230.0
940150105,30390.0
940150106,27900.0
940160101,28520.0
940160102,17400.0
940160103,34090.0
940160104,29010.0
940160105,32000.0
940160106,19730.0
940160107,18830.0
940160108,21190.0
940160109,32750.0
940160110,30050.0
940160111,27240.0
940170101,27590.0
940170102,25880.0
940170103,23610.0
940170201,24250.0
940170202,22230.0
940170203,27340.0
940170301,21860.0
940170302,27690.0
940170401,25930.0
940170402,21910.0
940170501,20780.0
940170502,23160.0
940170601,20080.0
940170701,16210.0
940170702,18300.0
940170703,17190.0
940170704,16050.0
940170801,19780.0
940170901,18820.0
940171001,26570.0
940171002,23690.0
940171101,14670.0
940171102,17250.0
940171103,16220.0
940171201,15910.0
940171202,16200.0
940171203,
940171204,16570.0
940171301,26610.0
940171302,28870.0
940171303,26480.0
940171304,25430.0
940171401,20610.0
940180101,32970.0
940180102,36650.0
940180103,37560.0
940180104,36040.0
940180105,33050.0
940180106,25910.0
940180107,22860.0
940180108,25430.0
940180109,25650.0
940180110,33560.0
940190101,24770.0
940190102,27680.0
940190103,30270.0
940190104,30350.0
940190105,25270.0
940190106,16200.0
940190107,17060.0
940190108,20500.0
940210101,
940210102,27040.0
940210103,28490.0
940210104,19100.0
940210105,26950.0
940210106,22850.0
940210107,16700.0
940210108,18880.0
940210109,20210.0
940220102,18400.0
940220105,18000.0
940220106,22940.0
940220107,18750.0
940220108,17830.0
940220109,17500.0
940220110,21790.0
940220111,19130.0
940220112,25170.0
940220113,24150.0
940220114,20720.0
940220201,22310.0
940220202,23520.0
940220203,23220.0
940220204,26760.0
940220205,20250.0
940220206,21480.0
940280101,37090.0
940280102,20970.0
940280103,25120.0
940280104,26980.0
940280201,23170.0
940280202,18570.0
940280204,23390.0
940280205,20600.0
940280206,20440.0
940280207,18230.0
940280208,20550.0
940280209,20830.0
940280210,18610.0
940280211,18460.0
940280212,24900.0
940280215,23710.0
940280301,32790.0
940280302,18070.0
940280303,22860.0
940280304,20820.0
940280305,28320.0
940280306,27800.0
940280307,20990.0
940280401,
940280402,15570.0
940280403,16060.0
940280404,17050.0
940280405,19490.0
940280406,17370.0
940280407,17960.0
940280408,19420.0
940330101,29440.0
940330102,31120.0
940330103,29660.0
940330104,26290.0
940330105,18880.0
940330106,19820.0
940330107,19440.0
940330108,18010.0
940330109,22020.0
940330110,20410.0
940330111,20230.0
940330112,27600.0
940330113,21350.0
940330114,34850.0
940330115,31060.0
940330116,35130.0
940330117,29220.0
940330118,31060.0
940330119,31140.0
940330120,26590.0
940330121,40410.0
940340101,19820.0
940340102,23120.0
940340103,25200.0
940340104,21870.0
940340105,31680.0
940340106,28720.0
940340107,23590.0
940340108,23160.0
940340109,21280.0
940340112,
940370101,20640.0
940370102,24950.0
940370103,19490.0
940370104,30420.0
940370105,29830.0
940370106,19290.0
940370107,18550.0
940370108,22930.0
940380102,32840.0
940380103,32690.0
940380104,33520.0
940380105,34410.0
940380106,25290.0
940380107,18430.0
940380108,26910.0
940380109,22190.0
940380110,20580.0
940380111,21690.0
940380112,18210.0
940380113,21860.0
940410101,18560.0
940410102,17460.0
940410103,23460.0
940410104,19860.0
940410105,22910.0
940410106,20240.0
940410107,16480.0
940410108,20390.0
940410109,
940410110,17870.0
940410201,20060.0
940410202,20050.0
940410203,21920.0
940410204,17680.0
940410205,20160.0
940410206,19320.0
940410207,20690.0
940410208,20020.0
940410211,23960.0
940410301,15300.0
940410302,19020.0
940410304,20370.0
940420101,29720.0
940420102,29630.0
940420103,28090.0
940420104,20900.0
940420105,22320.0
940420106,30440.0
940420107,32860.0
940420108,38270.0
940430101,22810.0
940430102,23570.0
940430103,28930.0
940430104,25070.0
940430105,20240.0
940430106,19010.0
940430107,23200.0
940430108,25680.0
940430109,26930.0
940440101,24990.0
940440102,22080.0
940440103,16940.0
940440104,21640.0
940440105,25270.0
940440106,23850.0
940440107,23870.0
940460101,30880.0
940460102,28400.0
940460103,33120.0
940460104,31910.0
940460105,18860.0
940460106,18520.0
940460107,33770.0
940460108,26320.0
940460109,26350.0
940460110,25450.0
940460111,23240.0
940460201,29980.0
940460202,28780.0
940460203,26550.0
940460204,30820.0
940460205,28480.0
940460301,33440.0
940460302,31180.0
940460303,33000.0
940460304,31360.0
940460401,31390.0
940460402,28450.0
940460403,22600.0
940480101,
940480102,30960.0
940480103,32790.0
940520101,24390.0
940520102,24730.0
940520103,35070.0
940520104,30370.0
940520105,36540.0
940520106,32040.0
940520107,37390.0
940520108,41030.0
940520109,38770.0
940520110,35990.0
940520111,35860.0
940540101,26490.0
940540102,
940540103,17560.0
940540104,18440.0
940540105,25880.0
940540106,17890.0
940540107,21880.0
940540108,17610.0
940540109,17560.0
940550101,27140.0
940550102,29390.0
940550103,29200.0
940550104,32660.0
940550105,30260.0
940580101,31960.0
940580102,34880.0
940580103,31640.0
940580104,30910.0
940580105,33030.0
940580106,32450.0
940580107,30400.0
940580108,32620.0
940580109,30560.0
940580110,30720.0
940580111,29710.0
940580112,26890.0
940580113,30210.0
940590101,28850.0
940590102,23430.0
940590103,23770.0
940590104,27350.0
940590105,25840.0
940590106,27210.0
940590107,29610.0
940600101,28550.0
940600102,21260.0
940600103,21510.0
940600104,24900.0
940600105,28280.0
940650101,27650.0
940650102,36110.0
940650103,
940650104,
940650105,
940670101,27620.0
940670102,41090.0
940670103,32470.0
940670104,32220.0
940670105,42110.0
940670106,38080.0
940670107,34800.0
940670108,35770.0
940670109,42670.0
940680101,34110.0
940680102,32310.0
940680103,32390.0
940680104,32240.0
940680105,31950.0
940680106,28960.0
940680107,28050.0
940680108,27700.0
940680109,30830.0
940680201,30470.0
940680202,36120.0
940680203,31300.0
940680204,34820.0
940680301,37080.0
940680302,39520.0
940680303,35600.0
940680304,35650.0
940680401,35710.0
940680402,40680.0
940680501,36200.0
940680502,33920.0
940680503,31930.0
940680504,41290.0
940680505,40740.0
940680601,33230.0
940680602,32670.0
940680603,32410.0
940680701,30540.0
940680702,28690.0
940680703,26990.0
940680704,32570.0
940680801,16190.0
940680802,27450.0
940680803,34970.0
940690101,22890.0
940690102,36270.0
940690103,28120.0
940690104,29060.0
940710101,32100.0
940710102,18630.0
940710103,17170.0
940710104,29790.0
940710105,29210.0
940710106,29600.0
940710107,32490.0
940710108,36310.0
940710109,29480.0
940710110,22650.0
940710111,30270.0
940730101,25770.0
940730102,24340.0
940730103,26900.0
940730104,20410.0
940730105,18610.0
940730106,29150.0
940730107,24830.0
940730108,26370.0
940730109,25820.0
940730110,23440.0
940730111,31390.0
940730112,19740.0
940740102,16040.0
940740103,16840.0
940740104,20430.0
940740105,16490.0
940740108,17840.0
940750101,29040.0
940750102,27650.0
940750103,26880.0
940750104,27630.0
940760101,22580.0
940760102,23480.0
940760103,22880.0
940760104,19730.0
940760105,21920.0
940760106,27250.0
940760107,20550.0
940760108,25860.0
940760109,23870.0
940760110,21520.0
940760111,27340.0
940760112,22230.0
940760113,24200.0
940760114,19630.0
940760115,19650.0
940760116,17900.0
940760117,17260.0
940760118,20480.0
940760119,16740.0
940760120,20980.0
940760121,27710.0
940770101,22450.0
940770102,20430.0
940770103,25260.0
940770104,24770.0
940770105,24580.0
940770106,19640.0
940770107,18750.0
940770108,22990.0
940780101,16960.0
940780102,19230.0
940780103,16040.0
940780104,14180.0
940780105,14950.0
940780201,15980.0
940780202,15880.0
940780203,18040.0
940780204,18780.0
940780205,15020.0
940780206,17200.0
940780207,18020.0
940780208,18160.0
940790101,31830.0
940790102,22740.0
940790103,28150.0
940790104,28990.0
940790105,23950.0
940790106,25160.0
940790107,28130.0
940790108,16970.0
940790109,22300.0
940800101,37900.0
940800102,37910.0
940800103,37170.0
940800104,36500.0
940800201,37950.0
940800202,34650.0
940800203,30820.0
940800204,35210.0
940800205,38260.0
940800301,37610.0
940800302,33940.0
940800303,30400.0
940800304,31800.0
940800305,30880.0
940800306,28410.0
940800401,36870.0
940800402,40560.0
940810101,
940810102,20050.0
940810103,17550.0
940810104,18510.0
940810105,15930.0
940810106,21940.0
940810107,16170.0
940810108,16600.0
940810109,25000.0
940810110,19100.0
940810111,20660.0
940810112,18610.0
940810113,25460.0
940810201,21060.0
940810202,23040.0
940810203,18540.0
940810204,16030.0
940810205,17430.0
940810206,15920.0
940810207,21650.0
940810208,19870.0
940810209,23860.0
940810210,20790.0
940810211,27960.0
940810212,25940.0
940810301,20960.0
940810302,18090.0
940810303,18780.0
940810304,19170.0
940810305,19270.0
940810306,24940.0
940810307,16110.0
940810308,16080.0
940810309,17090.0
940810310,17070.0
940810311,22820.0
940810312,22470.0
